<?xml version="1.0" encoding="UTF-8"?>
<org.xwiki.job.DefaultJobStatus>
  <progress>
    <listenerName>org.xwiki.job.internal.DefaultJobProgress_1302071577</listenerName>
    <rootStep>
      <message>
        <message>Progress with name [{}]</message>
        <marker class="org.xwiki.logging.marker.TranslationMarker">
          <name>xwiki.translation</name>
          <translationKey>job.progress</translationKey>
        </marker>
        <argumentArray>
          <null/>
        </argumentArray>
      </message>
      <offset>1.0</offset>
      <children>
        <org.xwiki.job.internal.DefaultJobProgressStep>
          <offset>1.0</offset>
          <startTime>89582020870030</startTime>
          <levelFinished>true</levelFinished>
          <elapsedTime>231414820</elapsedTime>
        </org.xwiki.job.internal.DefaultJobProgressStep>
        <org.xwiki.job.internal.DefaultJobProgressStep>
          <offset>1.0</offset>
          <children>
            <org.xwiki.job.internal.DefaultJobProgressStep>
              <offset>1.0</offset>
              <startTime>89582252348050</startTime>
              <levelFinished>true</levelFinished>
              <elapsedTime>13076008</elapsedTime>
            </org.xwiki.job.internal.DefaultJobProgressStep>
            <org.xwiki.job.internal.DefaultJobProgressStep>
              <offset>1.0</offset>
              <startTime>89582265732858</startTime>
              <levelFinished>true</levelFinished>
              <elapsedTime>254300</elapsedTime>
            </org.xwiki.job.internal.DefaultJobProgressStep>
            <org.xwiki.job.internal.DefaultJobProgressStep>
              <offset>1.0</offset>
              <startTime>89582266005058</startTime>
              <levelFinished>true</levelFinished>
              <elapsedTime>36700</elapsedTime>
            </org.xwiki.job.internal.DefaultJobProgressStep>
            <org.xwiki.job.internal.DefaultJobProgressStep>
              <offset>1.0</offset>
              <startTime>89582266056658</startTime>
              <levelFinished>true</levelFinished>
              <elapsedTime>31800</elapsedTime>
            </org.xwiki.job.internal.DefaultJobProgressStep>
            <org.xwiki.job.internal.DefaultJobProgressStep>
              <offset>1.0</offset>
              <startTime>89582266101358</startTime>
              <levelFinished>true</levelFinished>
              <elapsedTime>29500</elapsedTime>
            </org.xwiki.job.internal.DefaultJobProgressStep>
            <org.xwiki.job.internal.DefaultJobProgressStep>
              <offset>1.0</offset>
              <startTime>89582266143258</startTime>
              <levelFinished>true</levelFinished>
              <elapsedTime>28600</elapsedTime>
            </org.xwiki.job.internal.DefaultJobProgressStep>
            <org.xwiki.job.internal.DefaultJobProgressStep>
              <offset>1.0</offset>
              <startTime>89582266183958</startTime>
              <levelFinished>true</levelFinished>
              <elapsedTime>29200</elapsedTime>
            </org.xwiki.job.internal.DefaultJobProgressStep>
            <org.xwiki.job.internal.DefaultJobProgressStep>
              <offset>1.0</offset>
              <startTime>89582266225158</startTime>
              <levelFinished>true</levelFinished>
              <elapsedTime>29200</elapsedTime>
            </org.xwiki.job.internal.DefaultJobProgressStep>
            <org.xwiki.job.internal.DefaultJobProgressStep>
              <offset>1.0</offset>
              <startTime>89582266267058</startTime>
              <levelFinished>true</levelFinished>
              <elapsedTime>30001</elapsedTime>
            </org.xwiki.job.internal.DefaultJobProgressStep>
            <org.xwiki.job.internal.DefaultJobProgressStep>
              <offset>1.0</offset>
              <startTime>89582266310259</startTime>
              <levelFinished>true</levelFinished>
              <elapsedTime>166600</elapsedTime>
            </org.xwiki.job.internal.DefaultJobProgressStep>
            <org.xwiki.job.internal.DefaultJobProgressStep>
              <offset>1.0</offset>
              <startTime>89582266512559</startTime>
              <levelFinished>true</levelFinished>
              <elapsedTime>41100</elapsedTime>
            </org.xwiki.job.internal.DefaultJobProgressStep>
            <org.xwiki.job.internal.DefaultJobProgressStep>
              <offset>1.0</offset>
              <startTime>89582266566159</startTime>
              <levelFinished>true</levelFinished>
              <elapsedTime>40400</elapsedTime>
            </org.xwiki.job.internal.DefaultJobProgressStep>
            <org.xwiki.job.internal.DefaultJobProgressStep>
              <offset>1.0</offset>
              <startTime>89582266620659</startTime>
              <levelFinished>true</levelFinished>
              <elapsedTime>33600</elapsedTime>
            </org.xwiki.job.internal.DefaultJobProgressStep>
            <org.xwiki.job.internal.DefaultJobProgressStep>
              <offset>1.0</offset>
              <startTime>89582266666659</startTime>
              <levelFinished>true</levelFinished>
              <elapsedTime>29500</elapsedTime>
            </org.xwiki.job.internal.DefaultJobProgressStep>
            <org.xwiki.job.internal.DefaultJobProgressStep>
              <offset>1.0</offset>
              <startTime>89582266708059</startTime>
              <levelFinished>true</levelFinished>
              <elapsedTime>132400</elapsedTime>
            </org.xwiki.job.internal.DefaultJobProgressStep>
            <org.xwiki.job.internal.DefaultJobProgressStep>
              <offset>1.0</offset>
              <startTime>89582266864459</startTime>
              <levelFinished>true</levelFinished>
              <elapsedTime>38000</elapsedTime>
            </org.xwiki.job.internal.DefaultJobProgressStep>
            <org.xwiki.job.internal.DefaultJobProgressStep>
              <offset>1.0</offset>
              <startTime>89582266919059</startTime>
              <levelFinished>true</levelFinished>
              <elapsedTime>32600</elapsedTime>
            </org.xwiki.job.internal.DefaultJobProgressStep>
            <org.xwiki.job.internal.DefaultJobProgressStep>
              <offset>1.0</offset>
              <startTime>89582266962359</startTime>
              <levelFinished>true</levelFinished>
              <elapsedTime>30500</elapsedTime>
            </org.xwiki.job.internal.DefaultJobProgressStep>
            <org.xwiki.job.internal.DefaultJobProgressStep>
              <offset>1.0</offset>
              <startTime>89582267005059</startTime>
              <levelFinished>true</levelFinished>
              <elapsedTime>28300</elapsedTime>
            </org.xwiki.job.internal.DefaultJobProgressStep>
            <org.xwiki.job.internal.DefaultJobProgressStep>
              <offset>1.0</offset>
              <startTime>89582267047359</startTime>
              <levelFinished>true</levelFinished>
              <elapsedTime>33300</elapsedTime>
            </org.xwiki.job.internal.DefaultJobProgressStep>
            <org.xwiki.job.internal.DefaultJobProgressStep>
              <offset>1.0</offset>
              <startTime>89582267091559</startTime>
              <levelFinished>true</levelFinished>
              <elapsedTime>25900</elapsedTime>
            </org.xwiki.job.internal.DefaultJobProgressStep>
            <org.xwiki.job.internal.DefaultJobProgressStep>
              <offset>1.0</offset>
              <startTime>89582267125759</startTime>
              <levelFinished>true</levelFinished>
              <elapsedTime>27500</elapsedTime>
            </org.xwiki.job.internal.DefaultJobProgressStep>
            <org.xwiki.job.internal.DefaultJobProgressStep>
              <offset>1.0</offset>
              <startTime>89582267168859</startTime>
              <levelFinished>true</levelFinished>
              <elapsedTime>33400</elapsedTime>
            </org.xwiki.job.internal.DefaultJobProgressStep>
            <org.xwiki.job.internal.DefaultJobProgressStep>
              <offset>1.0</offset>
              <startTime>89582267215059</startTime>
              <levelFinished>true</levelFinished>
              <elapsedTime>30700</elapsedTime>
            </org.xwiki.job.internal.DefaultJobProgressStep>
            <org.xwiki.job.internal.DefaultJobProgressStep>
              <offset>1.0</offset>
              <startTime>89582267259159</startTime>
              <levelFinished>true</levelFinished>
              <elapsedTime>29000</elapsedTime>
            </org.xwiki.job.internal.DefaultJobProgressStep>
            <org.xwiki.job.internal.DefaultJobProgressStep>
              <offset>1.0</offset>
              <startTime>89582267300159</startTime>
              <levelFinished>true</levelFinished>
              <elapsedTime>28800</elapsedTime>
            </org.xwiki.job.internal.DefaultJobProgressStep>
            <org.xwiki.job.internal.DefaultJobProgressStep>
              <offset>1.0</offset>
              <startTime>89582267342159</startTime>
              <levelFinished>true</levelFinished>
              <elapsedTime>62700</elapsedTime>
            </org.xwiki.job.internal.DefaultJobProgressStep>
            <org.xwiki.job.internal.DefaultJobProgressStep>
              <offset>1.0</offset>
              <startTime>89582267420659</startTime>
              <levelFinished>true</levelFinished>
              <elapsedTime>34500</elapsedTime>
            </org.xwiki.job.internal.DefaultJobProgressStep>
            <org.xwiki.job.internal.DefaultJobProgressStep>
              <offset>1.0</offset>
              <startTime>89582267468259</startTime>
              <levelFinished>true</levelFinished>
              <elapsedTime>32000</elapsedTime>
            </org.xwiki.job.internal.DefaultJobProgressStep>
            <org.xwiki.job.internal.DefaultJobProgressStep>
              <offset>1.0</offset>
              <startTime>89582267514159</startTime>
              <levelFinished>true</levelFinished>
              <elapsedTime>284900</elapsedTime>
            </org.xwiki.job.internal.DefaultJobProgressStep>
            <org.xwiki.job.internal.DefaultJobProgressStep>
              <offset>1.0</offset>
              <startTime>89582267968360</startTime>
              <levelFinished>true</levelFinished>
              <elapsedTime>42800</elapsedTime>
            </org.xwiki.job.internal.DefaultJobProgressStep>
            <org.xwiki.job.internal.DefaultJobProgressStep>
              <offset>1.0</offset>
              <startTime>89582268023360</startTime>
              <levelFinished>true</levelFinished>
              <elapsedTime>31600</elapsedTime>
            </org.xwiki.job.internal.DefaultJobProgressStep>
            <org.xwiki.job.internal.DefaultJobProgressStep>
              <offset>1.0</offset>
              <startTime>89582268067060</startTime>
              <levelFinished>true</levelFinished>
              <elapsedTime>28900</elapsedTime>
            </org.xwiki.job.internal.DefaultJobProgressStep>
            <org.xwiki.job.internal.DefaultJobProgressStep>
              <offset>1.0</offset>
              <startTime>89582268108260</startTime>
              <levelFinished>true</levelFinished>
              <elapsedTime>27400</elapsedTime>
            </org.xwiki.job.internal.DefaultJobProgressStep>
            <org.xwiki.job.internal.DefaultJobProgressStep>
              <offset>1.0</offset>
              <startTime>89582268147460</startTime>
              <levelFinished>true</levelFinished>
              <elapsedTime>28300</elapsedTime>
            </org.xwiki.job.internal.DefaultJobProgressStep>
            <org.xwiki.job.internal.DefaultJobProgressStep>
              <offset>1.0</offset>
              <startTime>89582268256060</startTime>
              <levelFinished>true</levelFinished>
              <elapsedTime>35600</elapsedTime>
            </org.xwiki.job.internal.DefaultJobProgressStep>
            <org.xwiki.job.internal.DefaultJobProgressStep>
              <offset>1.0</offset>
              <startTime>89582268305560</startTime>
              <levelFinished>true</levelFinished>
              <elapsedTime>31400</elapsedTime>
            </org.xwiki.job.internal.DefaultJobProgressStep>
            <org.xwiki.job.internal.DefaultJobProgressStep>
              <offset>1.0</offset>
              <startTime>89582268401860</startTime>
              <levelFinished>true</levelFinished>
              <elapsedTime>132700</elapsedTime>
            </org.xwiki.job.internal.DefaultJobProgressStep>
            <org.xwiki.job.internal.DefaultJobProgressStep>
              <offset>1.0</offset>
              <startTime>89582268547460</startTime>
              <levelFinished>true</levelFinished>
              <elapsedTime>21000</elapsedTime>
            </org.xwiki.job.internal.DefaultJobProgressStep>
            <org.xwiki.job.internal.DefaultJobProgressStep>
              <offset>1.0</offset>
              <startTime>89582268576060</startTime>
              <levelFinished>true</levelFinished>
              <elapsedTime>18200</elapsedTime>
            </org.xwiki.job.internal.DefaultJobProgressStep>
            <org.xwiki.job.internal.DefaultJobProgressStep>
              <offset>1.0</offset>
              <startTime>89582268601560</startTime>
              <levelFinished>true</levelFinished>
              <elapsedTime>17600</elapsedTime>
            </org.xwiki.job.internal.DefaultJobProgressStep>
            <org.xwiki.job.internal.DefaultJobProgressStep>
              <offset>1.0</offset>
              <startTime>89582268626360</startTime>
              <levelFinished>true</levelFinished>
              <elapsedTime>17400</elapsedTime>
            </org.xwiki.job.internal.DefaultJobProgressStep>
            <org.xwiki.job.internal.DefaultJobProgressStep>
              <offset>1.0</offset>
              <startTime>89582268651760</startTime>
              <levelFinished>true</levelFinished>
              <elapsedTime>18000</elapsedTime>
            </org.xwiki.job.internal.DefaultJobProgressStep>
            <org.xwiki.job.internal.DefaultJobProgressStep>
              <offset>1.0</offset>
              <startTime>89582268677060</startTime>
              <levelFinished>true</levelFinished>
              <elapsedTime>17400</elapsedTime>
            </org.xwiki.job.internal.DefaultJobProgressStep>
            <org.xwiki.job.internal.DefaultJobProgressStep>
              <offset>1.0</offset>
              <startTime>89582268701660</startTime>
              <levelFinished>true</levelFinished>
              <elapsedTime>19500</elapsedTime>
            </org.xwiki.job.internal.DefaultJobProgressStep>
            <org.xwiki.job.internal.DefaultJobProgressStep>
              <offset>1.0</offset>
              <startTime>89582268728560</startTime>
              <levelFinished>true</levelFinished>
              <elapsedTime>17300</elapsedTime>
            </org.xwiki.job.internal.DefaultJobProgressStep>
            <org.xwiki.job.internal.DefaultJobProgressStep>
              <offset>1.0</offset>
              <startTime>89582268752960</startTime>
              <levelFinished>true</levelFinished>
              <elapsedTime>19300</elapsedTime>
            </org.xwiki.job.internal.DefaultJobProgressStep>
            <org.xwiki.job.internal.DefaultJobProgressStep>
              <offset>1.0</offset>
              <startTime>89582268779460</startTime>
              <levelFinished>true</levelFinished>
              <elapsedTime>17700</elapsedTime>
            </org.xwiki.job.internal.DefaultJobProgressStep>
            <org.xwiki.job.internal.DefaultJobProgressStep>
              <offset>1.0</offset>
              <startTime>89582268804460</startTime>
              <levelFinished>true</levelFinished>
              <elapsedTime>17600</elapsedTime>
            </org.xwiki.job.internal.DefaultJobProgressStep>
            <org.xwiki.job.internal.DefaultJobProgressStep>
              <offset>1.0</offset>
              <startTime>89582268913860</startTime>
              <levelFinished>true</levelFinished>
              <elapsedTime>54000</elapsedTime>
            </org.xwiki.job.internal.DefaultJobProgressStep>
            <org.xwiki.job.internal.DefaultJobProgressStep>
              <offset>1.0</offset>
              <startTime>89582269031560</startTime>
              <levelFinished>true</levelFinished>
              <elapsedTime>71700</elapsedTime>
            </org.xwiki.job.internal.DefaultJobProgressStep>
            <org.xwiki.job.internal.DefaultJobProgressStep>
              <offset>1.0</offset>
              <startTime>89582269120060</startTime>
              <levelFinished>true</levelFinished>
              <elapsedTime>36100</elapsedTime>
            </org.xwiki.job.internal.DefaultJobProgressStep>
            <org.xwiki.job.internal.DefaultJobProgressStep>
              <offset>1.0</offset>
              <startTime>89582269169960</startTime>
              <levelFinished>true</levelFinished>
              <elapsedTime>35900</elapsedTime>
            </org.xwiki.job.internal.DefaultJobProgressStep>
            <org.xwiki.job.internal.DefaultJobProgressStep>
              <offset>1.0</offset>
              <startTime>89582269216860</startTime>
              <levelFinished>true</levelFinished>
              <elapsedTime>29400</elapsedTime>
            </org.xwiki.job.internal.DefaultJobProgressStep>
            <org.xwiki.job.internal.DefaultJobProgressStep>
              <offset>1.0</offset>
              <startTime>89582269256560</startTime>
              <levelFinished>true</levelFinished>
              <elapsedTime>29200</elapsedTime>
            </org.xwiki.job.internal.DefaultJobProgressStep>
            <org.xwiki.job.internal.DefaultJobProgressStep>
              <offset>1.0</offset>
              <startTime>89582269296560</startTime>
              <levelFinished>true</levelFinished>
              <elapsedTime>31000</elapsedTime>
            </org.xwiki.job.internal.DefaultJobProgressStep>
            <org.xwiki.job.internal.DefaultJobProgressStep>
              <offset>1.0</offset>
              <startTime>89582269340360</startTime>
              <levelFinished>true</levelFinished>
              <elapsedTime>285101</elapsedTime>
            </org.xwiki.job.internal.DefaultJobProgressStep>
            <org.xwiki.job.internal.DefaultJobProgressStep>
              <offset>1.0</offset>
              <startTime>89582269664961</startTime>
              <levelFinished>true</levelFinished>
              <elapsedTime>700100</elapsedTime>
            </org.xwiki.job.internal.DefaultJobProgressStep>
            <org.xwiki.job.internal.DefaultJobProgressStep>
              <offset>1.0</offset>
              <startTime>89582270429461</startTime>
              <levelFinished>true</levelFinished>
              <elapsedTime>124800</elapsedTime>
            </org.xwiki.job.internal.DefaultJobProgressStep>
            <org.xwiki.job.internal.DefaultJobProgressStep>
              <offset>1.0</offset>
              <startTime>89582270576961</startTime>
              <levelFinished>true</levelFinished>
              <elapsedTime>37000</elapsedTime>
            </org.xwiki.job.internal.DefaultJobProgressStep>
            <org.xwiki.job.internal.DefaultJobProgressStep>
              <offset>1.0</offset>
              <startTime>89582270623961</startTime>
              <levelFinished>true</levelFinished>
              <elapsedTime>30700</elapsedTime>
            </org.xwiki.job.internal.DefaultJobProgressStep>
            <org.xwiki.job.internal.DefaultJobProgressStep>
              <offset>1.0</offset>
              <startTime>89582270664361</startTime>
              <levelFinished>true</levelFinished>
              <elapsedTime>31000</elapsedTime>
            </org.xwiki.job.internal.DefaultJobProgressStep>
          </children>
          <startTime>89582252348050</startTime>
          <levelFinished>true</levelFinished>
          <elapsedTime>44597827</elapsedTime>
        </org.xwiki.job.internal.DefaultJobProgressStep>
      </children>
      <startTime>89582020870030</startTime>
      <levelFinished>true</levelFinished>
      <elapsedTime>281235550</elapsedTime>
    </rootStep>
  </progress>
  <jobType>solr.indexer</jobType>
  <state>FINISHED</state>
  <request class="org.xwiki.search.solr.internal.job.IndexerRequest">
    <id>
      <string>solr</string>
      <string>indexer</string>
    </id>
    <properties/>
    <verbose>true</verbose>
    <overwrite>false</overwrite>
    <removeMissing>true</removeMissing>
  </request>
  <startDate>2024-08-13 22:49:12.824 UTC</startDate>
  <endDate>2024-08-13 22:49:13.77 UTC</endDate>
  <isolated>false</isolated>
  <canceled>false</canceled>
  <cancelable>false</cancelable>
  <serialized>true</serialized>
  <questionEnd>-1</questionEnd>
</org.xwiki.job.DefaultJobStatus>