<?xml version="1.0" encoding="UTF-8"?>
<org.xwiki.extension.distribution.internal.job.DistributionJobStatus>
  <progress>
    <listenerName>org.xwiki.job.internal.DefaultJobProgress_762725003</listenerName>
    <rootStep>
      <message>
        <message>Progress with name [{}]</message>
        <marker class="org.xwiki.logging.marker.TranslationMarker">
          <name>xwiki.translation</name>
          <translationKey>job.progress</translationKey>
        </marker>
        <argumentArray>
          <null/>
        </argumentArray>
      </message>
      <offset>1.0</offset>
      <children>
        <org.xwiki.job.internal.DefaultJobProgressStep>
          <offset>1.0</offset>
          <startTime>89505291111544</startTime>
          <levelFinished>true</levelFinished>
          <elapsedTime>30031255</elapsedTime>
        </org.xwiki.job.internal.DefaultJobProgressStep>
        <org.xwiki.job.internal.DefaultJobProgressStep>
          <offset>1.0</offset>
          <startTime>89505321153500</startTime>
          <levelFinished>true</levelFinished>
          <elapsedTime>7000</elapsedTime>
        </org.xwiki.job.internal.DefaultJobProgressStep>
        <org.xwiki.job.internal.DefaultJobProgressStep>
          <offset>1.0</offset>
          <startTime>89505321166300</startTime>
          <levelFinished>true</levelFinished>
          <elapsedTime>6401</elapsedTime>
        </org.xwiki.job.internal.DefaultJobProgressStep>
        <org.xwiki.job.internal.DefaultJobProgressStep>
          <offset>1.0</offset>
          <startTime>89505321178401</startTime>
          <levelFinished>true</levelFinished>
          <elapsedTime>6400</elapsedTime>
        </org.xwiki.job.internal.DefaultJobProgressStep>
        <org.xwiki.job.internal.DefaultJobProgressStep>
          <offset>1.0</offset>
          <startTime>89505321190401</startTime>
          <levelFinished>true</levelFinished>
          <elapsedTime>6401</elapsedTime>
        </org.xwiki.job.internal.DefaultJobProgressStep>
        <org.xwiki.job.internal.DefaultJobProgressStep>
          <offset>1.0</offset>
          <startTime>89505321202502</startTime>
          <levelFinished>true</levelFinished>
          <elapsedTime>6300</elapsedTime>
        </org.xwiki.job.internal.DefaultJobProgressStep>
      </children>
      <startTime>89505291111544</startTime>
      <levelFinished>true</levelFinished>
      <elapsedTime>33633818</elapsedTime>
    </rootStep>
  </progress>
  <jobType>distribution</jobType>
  <state>FINISHED</state>
  <request class="org.xwiki.extension.distribution.internal.job.DistributionRequest">
    <id>
      <string>distribution</string>
    </id>
    <properties>
      <entry>
        <string>wiki</string>
        <string>xwiki</string>
      </entry>
      <entry>
        <string>interactive</string>
        <boolean>true</boolean>
      </entry>
      <entry>
        <string>user.reference</string>
        <org.xwiki.model.reference.DocumentReference>
          <name>admin</name>
          <parent class="org.xwiki.model.reference.SpaceReference">
            <name>XWiki</name>
            <parent class="org.xwiki.model.reference.WikiReference">
              <name>xwiki</name>
              <type>WIKI</type>
            </parent>
            <type>SPACE</type>
          </parent>
          <type>DOCUMENT</type>
        </org.xwiki.model.reference.DocumentReference>
      </entry>
    </properties>
    <verbose>true</verbose>
  </request>
  <startDate>2024-08-13 22:47:56.94 UTC</startDate>
  <endDate>2024-08-13 22:47:56.105 UTC</endDate>
  <isolated>true</isolated>
  <canceled>false</canceled>
  <cancelable>false</cancelable>
  <serialized>true</serialized>
  <questionEnd>-1</questionEnd>
  <distributionExtension>
    <id>org.xwiki.platform:xwiki-platform-distribution-docker</id>
    <version class="org.xwiki.extension.version.internal.DefaultVersion" serialization="custom">
      <org.xwiki.extension.version.internal.DefaultVersion>
        <string>16.6.0</string>
      </org.xwiki.extension.version.internal.DefaultVersion>
    </version>
  </distributionExtension>
  <stepList>
    <org.xwiki.extension.distribution.internal.job.step.WelcomeDistributionStep>
      <stepId>welcome</stepId>
      <state>COMPLETED</state>
    </org.xwiki.extension.distribution.internal.job.step.WelcomeDistributionStep>
    <org.xwiki.extension.distribution.internal.job.step.FirstAdminUserStep>
      <stepId>firstadminuser</stepId>
      <state>COMPLETED</state>
    </org.xwiki.extension.distribution.internal.job.step.FirstAdminUserStep>
    <org.xwiki.extension.distribution.internal.job.step.FlavorDistributionStep>
      <stepId>extension.flavor</stepId>
      <state>COMPLETED</state>
    </org.xwiki.extension.distribution.internal.job.step.FlavorDistributionStep>
    <org.xwiki.extension.distribution.internal.job.step.CleanExtensionsDistributionStep>
      <stepId>extension.clean</stepId>
      <state>COMPLETED</state>
    </org.xwiki.extension.distribution.internal.job.step.CleanExtensionsDistributionStep>
    <org.xwiki.extension.distribution.internal.job.step.OutdatedExtensionsDistributionStep>
      <stepId>extension.outdatedextensions</stepId>
      <state>COMPLETED</state>
    </org.xwiki.extension.distribution.internal.job.step.OutdatedExtensionsDistributionStep>
    <org.xwiki.extension.distribution.internal.job.step.ReportDistributionStep>
      <stepId>report</stepId>
      <state>COMPLETED</state>
    </org.xwiki.extension.distribution.internal.job.step.ReportDistributionStep>
  </stepList>
  <currentStateIndex>5</currentStateIndex>
</org.xwiki.extension.distribution.internal.job.DistributionJobStatus>